location_name,latitude,longitude,ACCESS_GATEWAY,ADMINISTRATIVE_DIVISION,ADVENTURE_SPORTS_VENUE,AGRICULTURE,AIRPORT,AMUSEMENT_PARK,AUTOMOTIVE_DEALER,BANK,BEACH,BUILDING_POINT,BUSINESS_PARK,CAFE_PUB,CAMPING_GROUND,CAR_WASH,CASH_DISPENSER,CASINO,CINEMA,CITY_CENTER,CLUB_ASSOCIATION,COLLEGE_UNIVERSITY,COMMERCIAL_BUILDING,COMMUNITY_CENTER,COMPANY,COURTHOUSE,CULTURAL_CENTER,DENTIST,DEPARTMENT_STORE,DOCTOR,ELECTRIC_VEHICLE_STATION,EMBASSY,EMERGENCY_MEDICAL_SERVICE,ENTERTAINMENT,EXCHANGE,EXHIBITION_CONVENTION_CENTER,FERRY_TERMINAL,FIRE_STATION_BRIGADE,FRONTIER_CROSSING,FUEL_FACILITIES,GEOGRAPHIC_FEATURE,GOLF_COURSE,GOVERNMENT_OFFICE,HEALTH_CARE_SERVICE,HELIPAD_HELICOPTER_LANDING,HOLIDAY_RENTAL,HOSPITAL_POLYCLINIC,HOTEL_MOTEL,ICE_SKATING_RINK,IMPORTANT_TOURIST_ATTRACTION,INDUSTRIAL_BUILDING,LEISURE_CENTER,LIBRARY,MANUFACTURING_FACILITY,MARINA,MARKET,MEDIA_FACILITY,MILITARY_INSTALLATION,MOTORING_ORGANIZATION_OFFICE,MOUNTAIN_PASS,MUSEUM,NATIVE_RESERVATION,NIGHTLIFE,NON_GOVERNMENTAL_ORGANIZATION,OPEN_PARKING_AREA,OTHER,PARKING_GARAGE,PARK_RECREATION_AREA,PETROL_STATION,PHARMACY,PLACE_OF_WORSHIP,POLICE_STATION,PORT_WAREHOUSE_FACILITY,POST_OFFICE,PRIMARY_RESOURCE_UTILITY,PRISON_CORRECTIONAL_FACILITY,PUBLIC_AMENITY,PUBLIC_TRANSPORT_STOP,RAILWAY_STATION,RENT_A_CAR_FACILITY,RENT_A_CAR_PARKING,REPAIR_FACILITY,RESEARCH_FACILITY,RESIDENTIAL_ACCOMMODATION,RESTAURANT,RESTAURANT_AREA,REST_AREA,SCENIC_PANORAMIC_VIEW,SCHOOL,SHOP,SHOPPING_CENTER,SPORTS_CENTER,STADIUM,SWIMMING_POOL,TENNIS_COURT,THEATER,TOURIST_INFORMATION_OFFICE,TRAFFIC_LIGHT,TRAFFIC_SERVICE_CENTER,TRAFFIC_SIGN,TRAIL_SYSTEM,TRANSPORT_AUTHORITY_VEHICLE_REGISTRATION,TRUCK_STOP,VETERINARIAN,WATER_SPORT,WEIGH_STATION,WELFARE_ORGANIZATION,WINERY,ZOOS_ARBORETA_BOTANICAL_GARDEN,high_severity_hours,total_hours,total_pois,high_severity_ratio
"Agartala City, Tripura",23.8338203,91.2824216,0,0,0,0,0,0,0,3,0,0,0,0,0,0,0,0,0,0,0,0,0,0,12,0,0,0,0,0,0,0,0,0,0,0,0,0,0,0,1,0,1,0,0,1,0,0,0,1,0,0,1,0,0,0,0,0,0,0,1,0,0,0,1,0,0,2,2,1,2,0,0,1,0,0,1,0,0,0,0,7,0,1,0,0,0,0,0,60,1,0,0,0,0,0,0,0,0,0,0,0,0,0,0,0,0,0,0,8,16,100,0.5
"Aizawl City, Mizoram",23.7243713,92.7186455,0,0,0,0,0,0,0,4,0,0,0,0,0,0,0,0,0,0,0,0,1,0,13,1,0,0,0,0,0,0,0,0,1,0,0,0,0,0,0,0,16,0,0,0,0,1,0,0,0,0,0,0,0,0,1,0,0,0,0,0,0,0,0,0,0,1,1,2,1,0,0,1,0,0,0,0,0,0,0,0,0,0,11,0,0,0,5,39,0,1,0,0,0,0,0,0,0,0,0,0,0,0,0,0,0,0,0,11,16,100,0.6875
"Ajmer City, Rajasthan",26.5855952,74.8609106,0,0,0,0,0,0,0,2,0,0,0,1,0,0,0,0,0,0,0,1,3,3,3,0,0,3,0,3,0,0,0,0,0,0,0,0,0,0,4,0,4,1,0,0,5,3,0,1,0,0,0,0,0,0,0,0,0,0,0,0,0,0,0,0,0,2,0,4,5,0,0,2,0,0,0,0,0,0,0,13,0,1,2,0,0,0,22,10,1,1,0,0,0,0,0,0,0,0,0,0,0,0,0,0,0,0,0,7,16,100,0.4375
"Alappuzha Town, Kerala",9.2595192,76.5437808,0,0,0,0,0,0,4,1,0,0,0,2,0,0,0,0,1,0,0,1,4,0,3,0,0,1,0,0,0,0,0,0,0,3,0,0,0,0,2,0,1,0,0,0,2,1,0,0,1,0,0,0,0,0,0,0,0,0,0,0,0,0,0,0,0,0,2,1,8,0,0,0,0,0,0,0,0,0,0,7,0,0,6,0,0,0,7,40,1,1,0,0,0,0,0,0,0,0,0,0,0,0,0,0,0,0,0,11,16,100,0.6875
"Aliganj, Lucknow, Uttar Pradesh",26.890281,80.9495987,0,0,0,0,0,0,0,0,0,0,0,1,0,0,0,0,0,0,0,0,0,0,1,0,0,0,0,1,0,0,0,0,0,0,0,0,0,0,0,0,2,0,0,0,1,1,0,0,0,0,0,0,0,0,0,0,0,0,0,0,0,0,0,0,0,0,0,2,2,0,0,0,2,0,1,0,0,0,0,0,0,13,4,0,0,0,3,65,0,1,0,0,0,0,0,0,0,0,0,0,0,0,0,0,0,0,0,12,16,100,0.75
"Aligarh City, Uttar Pradesh",27.8898926,78.0745239,0,0,0,0,0,0,0,0,0,0,0,1,0,0,0,0,0,0,0,0,0,0,15,0,0,0,0,0,0,0,0,0,0,0,0,0,0,0,0,0,5,0,0,0,2,9,0,0,0,0,0,0,0,0,1,0,0,0,0,0,0,0,2,0,0,2,1,2,4,1,0,1,1,0,2,0,1,0,0,13,0,0,10,0,0,0,2,24,0,1,0,0,0,0,0,0,0,0,0,0,0,0,0,0,0,0,0,8,16,100,0.5
"Amritsar City, Punjab",31.6587342,74.841167,0,0,0,0,0,0,2,0,0,0,0,1,0,0,0,0,0,0,0,0,0,0,6,0,0,0,0,2,0,0,0,0,0,0,0,0,0,0,0,0,0,0,0,0,0,2,0,0,0,0,0,0,0,0,0,0,0,0,0,0,0,0,0,0,0,0,0,7,1,0,0,0,0,0,0,0,0,0,0,8,0,0,0,0,0,0,2,67,0,2,0,0,0,0,0,0,0,0,0,0,0,0,0,0,0,0,0,0,16,100,0.0
"Andheri West, Mumbai, Maharashtra",19.1340729,72.8303618,0,0,0,0,0,0,0,0,0,0,0,1,0,0,0,0,0,0,0,0,0,0,10,0,0,0,0,1,0,0,0,0,0,0,0,0,0,0,0,0,1,0,0,0,0,0,0,0,1,0,0,0,0,0,2,0,0,0,0,0,1,0,0,0,0,0,0,1,3,0,0,0,0,0,0,0,0,0,0,9,0,3,2,0,0,0,1,63,0,0,0,0,0,0,0,0,0,0,0,1,0,0,0,0,0,0,0,11,16,100,0.6875
"Asansol City, West Bengal",23.6930343,86.9531088,0,0,0,0,0,0,0,6,0,0,0,0,0,0,0,0,0,0,0,1,1,0,5,0,0,1,0,6,0,0,0,0,1,1,0,0,0,0,1,0,2,0,0,0,4,4,0,0,0,0,0,0,0,1,0,0,0,0,0,0,0,0,0,0,0,0,0,7,0,0,0,0,0,0,1,0,0,0,0,1,0,8,5,0,0,0,2,42,0,0,0,0,0,0,0,0,0,0,0,0,0,0,0,0,0,0,0,10,16,100,0.625
"Aundh, Pune, Maharashtra",18.558127,73.8072801,0,0,0,0,0,0,0,1,0,0,0,2,0,0,0,0,0,0,0,0,0,0,3,0,0,4,0,4,0,0,0,0,0,0,0,0,0,0,0,0,0,0,0,0,0,1,0,0,1,1,1,0,0,0,0,0,0,0,0,0,0,0,0,0,0,0,0,2,2,0,0,0,0,0,0,0,0,0,0,0,0,56,3,0,0,0,2,16,0,1,0,0,0,0,0,0,0,0,0,0,0,0,0,0,0,0,0,9,16,100,0.5625
"Ballygunge, Kolkata, West Bengal",22.5279746,88.3629966,0,0,0,0,0,0,1,4,0,0,0,0,0,0,0,0,0,0,0,5,1,0,8,0,0,5,0,3,0,1,0,0,1,2,0,0,0,0,0,0,3,0,0,0,3,8,0,0,0,0,0,0,0,0,0,0,0,0,0,0,1,0,0,0,0,0,0,1,3,0,0,1,0,0,1,0,0,0,0,0,0,21,4,0,0,0,2,21,0,0,0,0,0,0,0,0,0,0,0,0,0,0,0,0,0,0,0,11,16,100,0.6875
"Bandra West, Mumbai, Maharashtra",19.0588335,72.8346685,0,0,0,0,0,0,0,4,0,0,0,0,0,0,0,0,0,0,0,1,6,0,5,0,0,4,0,6,0,0,0,0,0,0,0,0,0,0,0,0,0,3,0,0,3,1,0,0,0,1,0,0,0,0,0,0,0,0,0,0,1,0,0,0,0,0,0,0,1,1,0,0,0,0,0,0,0,0,0,0,0,17,4,0,0,0,1,39,1,1,0,0,0,0,0,0,0,0,0,0,0,0,0,0,0,0,0,3,16,100,0.1875
"Baner, Pune, Maharashtra",18.5642156,73.7871973,0,0,0,0,0,0,1,1,0,0,0,4,0,0,0,0,0,0,0,0,0,0,3,0,0,0,0,0,0,0,0,0,0,0,0,0,0,0,4,0,0,1,0,0,1,3,0,0,0,0,0,0,0,0,0,0,0,0,0,0,0,0,0,0,0,1,0,1,1,0,0,0,0,0,0,0,0,0,0,3,0,24,31,0,0,0,4,15,0,1,0,1,0,0,0,0,0,0,0,0,0,0,0,0,0,0,0,2,16,100,0.125
"Banjara Hills, Hyderabad, Telangana",17.4091038,78.4394666,0,0,0,0,0,0,0,5,0,0,0,6,0,0,0,0,0,0,0,0,1,0,6,0,0,0,0,3,0,0,0,0,3,0,0,0,0,0,0,0,3,0,0,0,0,3,0,0,0,0,0,0,0,0,1,0,0,0,0,0,0,0,1,0,0,0,1,1,0,0,0,1,0,0,3,0,0,0,0,1,0,19,13,0,0,0,4,24,1,0,0,0,0,0,0,0,0,0,0,0,0,0,0,0,0,0,0,9,16,100,0.5625
"Bathinda City, Punjab",30.2129218,74.9331732,0,0,0,0,0,0,0,2,0,0,0,0,0,0,0,0,0,0,0,0,1,0,5,0,0,0,0,1,0,0,0,0,0,0,0,0,0,0,0,0,1,0,0,0,0,8,0,0,0,0,0,0,0,1,0,0,0,0,0,0,1,0,1,0,0,0,0,1,0,0,0,0,0,0,2,0,0,0,0,1,0,0,14,0,0,0,0,61,0,0,0,0,0,0,0,0,0,0,0,0,0,0,0,0,0,0,0,12,16,100,0.75
"Begumpet, Hyderabad, Telangana",17.4449415,78.4571867,0,0,0,0,0,0,0,0,0,0,0,1,0,0,0,0,0,0,0,1,0,0,2,0,0,0,0,2,0,0,0,0,0,1,0,0,0,0,0,0,0,0,0,0,0,0,0,1,0,0,0,0,0,0,0,0,0,0,0,0,0,0,0,0,1,1,0,1,8,0,0,0,0,0,1,0,0,0,0,0,0,35,3,0,0,0,6,35,0,1,0,0,0,0,0,0,0,0,0,0,0,0,0,0,0,0,0,12,16,100,0.75
"Belgaum City, Karnataka",15.8771478,74.5171905,0,0,0,0,0,0,1,2,0,0,0,5,0,0,0,0,0,0,0,6,0,0,2,0,0,1,0,0,1,0,0,0,0,2,0,0,0,0,1,0,0,0,0,0,2,4,0,0,0,0,1,0,0,0,0,0,0,0,0,0,0,0,2,0,0,0,0,1,0,0,0,2,0,0,1,0,0,0,0,2,0,6,24,0,0,0,8,24,0,1,1,0,0,0,0,0,0,0,0,0,0,0,0,0,0,0,0,5,16,100,0.3125
"Bellary City, Karnataka",15.1388817,76.9768644,0,0,0,0,0,0,3,0,0,0,0,0,0,0,0,0,0,0,0,0,0,0,7,0,0,0,0,0,1,0,0,0,0,0,0,0,0,0,0,0,0,0,0,0,0,1,0,0,1,0,0,0,0,0,0,0,0,0,0,0,0,0,0,0,0,0,0,1,8,0,0,2,0,0,0,0,0,0,0,3,0,0,1,0,0,0,2,9,0,0,0,0,0,0,0,0,0,0,0,0,0,0,0,0,0,0,0,1,16,39,0.0625
"Berhampur City, Odisha",20.4032641,86.2026906,0,0,0,0,0,0,0,0,0,0,0,2,0,0,0,0,0,0,0,0,0,0,0,0,0,0,0,0,0,0,0,0,0,0,0,0,0,0,0,0,2,0,0,0,0,0,0,0,0,0,0,0,0,0,0,0,0,0,0,0,0,0,0,0,0,0,0,0,1,0,0,1,0,0,0,0,0,0,0,0,0,0,0,0,0,0,5,0,0,0,0,0,0,0,0,0,0,0,0,0,0,0,0,0,0,0,0,0,16,11,0.0
"Bhavnagar City, Gujarat",21.7727986,72.1548699,0,0,0,0,0,0,0,3,0,0,0,0,0,0,0,0,0,0,0,0,1,0,4,0,0,1,0,4,0,0,0,0,0,1,0,0,0,0,3,0,1,1,0,0,2,0,0,3,0,0,1,0,0,0,0,0,0,0,1,0,0,0,0,0,0,0,0,1,4,0,0,0,0,0,0,0,0,0,0,2,0,15,3,0,0,0,5,43,1,0,0,0,0,0,0,0,0,0,0,0,0,0,0,0,0,0,0,0,16,100,0.0
"Bhopal City, Madhya Pradesh",23.177649,77.454497,0,0,0,0,0,0,1,3,0,0,0,4,0,0,0,0,0,0,0,0,3,0,8,0,0,8,0,5,0,0,0,0,0,0,0,0,0,0,0,0,1,0,0,0,0,3,0,0,0,0,0,0,0,2,0,0,0,0,0,0,0,0,0,0,0,1,1,6,2,0,0,0,2,0,0,0,0,0,0,0,0,11,11,0,0,0,1,26,0,1,0,0,0,0,0,0,0,0,0,0,0,0,0,0,0,0,0,3,16,100,0.1875
"Bibwewadi, Pune, Maharashtra",18.4662107,73.8627802,0,0,0,0,0,0,0,1,0,0,0,1,0,0,0,0,0,0,0,0,0,0,3,0,0,0,0,1,0,0,0,0,0,0,0,0,0,0,0,0,0,0,0,0,0,0,0,0,0,0,0,0,0,0,0,0,0,0,0,0,0,0,0,0,0,0,0,0,2,0,0,0,0,0,0,0,0,0,0,1,0,60,1,0,0,0,6,24,0,0,0,0,0,0,0,0,0,0,0,0,0,0,0,0,0,0,0,5,16,100,0.3125
"Bikaner City, Rajasthan",28.0134638,73.2972264,0,0,0,0,0,0,0,0,0,0,0,1,0,0,0,0,0,0,0,1,0,0,0,0,0,0,0,3,0,0,0,0,0,0,0,0,0,0,4,0,1,0,0,0,0,0,0,0,0,0,0,0,0,0,0,0,0,0,0,0,0,0,0,0,0,1,0,2,27,0,0,1,0,0,1,0,0,0,0,0,0,0,2,0,0,0,13,41,0,2,0,0,0,0,0,0,0,0,0,0,0,0,0,0,0,0,0,12,16,100,0.75
"Bodakdev, Ahmedabad, Gujarat",23.0443645,72.517923,0,0,0,0,0,0,0,0,0,0,0,2,0,0,0,0,0,0,1,0,2,0,24,0,0,0,0,1,0,0,0,0,0,0,0,0,0,0,1,0,1,0,0,0,0,3,0,0,0,0,0,0,0,0,0,0,0,0,0,0,0,1,0,0,0,0,0,4,3,0,0,0,1,0,0,0,0,0,0,2,0,26,4,0,0,0,2,20,0,2,0,0,0,0,0,0,0,0,0,0,0,0,0,0,0,0,0,12,16,100,0.75
"Borivali West, Mumbai, Maharashtra",19.2297,72.852173,0,0,0,0,0,0,0,7,0,0,1,1,0,0,0,0,0,0,0,0,1,0,5,0,0,3,0,2,0,0,0,0,1,0,0,0,0,0,0,0,0,2,0,0,3,1,0,0,1,0,0,0,0,0,0,0,0,0,0,0,0,0,0,0,0,0,0,1,1,0,0,0,1,0,0,0,0,0,0,0,0,21,2,0,0,0,3,43,0,0,0,0,0,0,0,0,0,0,0,0,0,0,0,0,0,0,0,9,16,100,0.5625
"C Scheme, Jaipur, Rajasthan",26.9842393,75.761852,0,0,0,0,0,0,0,0,0,0,0,0,0,0,0,0,0,0,0,0,1,0,20,0,0,1,0,0,0,0,0,0,0,0,0,0,0,0,3,0,1,0,0,0,0,0,0,0,0,0,0,0,0,0,0,0,0,0,0,0,0,0,0,0,0,1,0,2,1,0,0,0,0,0,0,0,0,0,0,3,0,0,2,0,0,0,1,63,0,1,0,0,0,0,0,0,0,0,0,0,0,0,0,0,0,0,0,0,16,100,0.0
"CG Road, Ahmedabad, Gujarat",23.1083596,72.5869112,0,0,0,0,0,0,1,4,0,0,0,3,0,0,0,0,0,0,0,0,1,0,10,0,0,1,0,5,0,0,0,0,0,0,0,0,0,0,0,0,0,1,0,0,0,0,0,0,0,0,0,0,0,0,0,0,0,0,0,0,0,0,0,0,0,0,0,2,1,0,0,0,0,0,0,0,0,0,0,4,0,5,5,0,0,0,8,48,0,1,0,0,0,0,0,0,0,0,0,0,0,0,0,0,0,0,0,6,16,100,0.375
"Chembur, Mumbai, Maharashtra",19.0487802,72.90587,0,0,0,0,0,0,3,0,0,0,0,0,0,0,0,0,0,0,0,0,2,0,7,0,0,1,1,7,0,0,0,0,0,0,0,0,0,0,0,0,0,2,0,0,3,0,0,0,0,1,0,0,0,0,0,0,0,0,0,0,0,0,0,0,0,0,0,3,2,0,0,0,0,0,1,0,0,1,0,3,0,18,17,0,0,0,2,26,0,0,0,0,0,0,0,0,0,0,0,0,0,0,0,0,0,0,0,9,16,100,0.5625
"Civil Lines, Jaipur, Rajasthan",26.9069197,75.7830344,0,0,0,0,0,0,0,0,0,0,0,3,0,0,0,0,0,0,0,1,0,0,7,0,0,4,0,16,0,0,0,0,0,0,0,0,0,0,4,0,10,0,0,1,1,9,0,0,0,1,0,0,0,0,0,0,0,0,0,0,1,0,0,0,0,1,0,5,4,0,0,1,0,0,0,0,0,0,0,0,0,21,4,0,0,0,1,3,0,2,0,0,0,0,0,0,0,0,0,0,0,0,0,0,0,0,0,11,16,100,0.6875
"Coimbatore City, Tamil Nadu",11.0804508,76.8366161,0,0,0,0,0,0,0,0,0,0,0,0,0,0,0,0,0,0,0,0,0,0,0,0,0,0,0,0,0,0,0,0,0,0,0,0,0,0,0,0,0,0,0,0,0,1,0,0,0,0,0,0,0,0,0,0,0,0,0,0,0,0,0,0,0,0,0,0,0,0,0,0,0,0,0,0,0,0,0,0,0,0,0,0,0,0,0,0,0,0,0,0,0,0,0,0,0,0,0,0,0,0,0,0,0,0,0,0,16,1,0.0
"Colaba, Mumbai, Maharashtra",18.9249319,72.8300808,0,0,0,0,0,0,0,1,0,0,0,1,0,0,0,0,0,0,0,1,6,0,8,0,0,0,0,1,0,0,0,0,1,2,0,0,0,0,1,0,3,1,0,0,2,4,0,2,3,0,0,0,0,0,0,0,0,0,1,0,1,0,0,0,0,5,0,0,1,1,0,0,0,0,1,0,0,0,0,0,0,12,8,0,0,0,6,21,1,3,1,0,0,0,1,0,0,0,0,0,0,0,0,0,0,0,0,11,16,100,0.6875
"Dadar, Mumbai, Maharashtra",19.0177484,72.8358202,0,0,0,0,0,0,0,4,0,0,0,1,0,0,0,0,0,0,0,0,0,0,4,0,0,2,0,10,0,0,0,0,0,0,0,0,0,0,2,0,0,0,0,0,2,0,0,0,0,0,0,0,0,0,0,0,0,0,0,0,0,0,0,0,0,2,0,0,2,0,0,0,0,0,0,0,0,0,0,1,0,31,12,0,0,0,2,24,0,1,0,0,0,0,0,0,0,0,0,0,0,0,0,0,0,0,0,13,16,100,0.8125
"Davangere City, Karnataka",14.3682977,75.9527929,0,0,0,0,0,0,0,0,0,0,0,0,0,0,0,0,0,0,0,0,0,0,0,0,0,0,0,0,0,0,0,0,0,0,0,0,0,0,0,0,0,0,0,0,0,0,0,0,0,0,0,0,0,0,0,0,0,0,0,0,0,0,0,0,0,0,0,0,1,0,0,0,0,0,0,0,0,0,0,0,0,0,0,0,0,0,2,0,0,0,0,0,0,0,0,0,0,0,0,0,0,0,0,0,0,0,0,0,16,3,0.0
"Dehradun City, Uttarakhand",30.118491,78.294956,0,0,0,0,0,0,0,1,0,0,0,0,0,0,0,0,0,0,0,0,0,0,0,0,0,0,0,0,0,0,0,0,0,0,0,0,0,0,0,0,0,0,0,0,0,2,0,0,0,0,0,0,0,0,0,0,0,0,0,0,0,0,0,0,0,0,0,1,0,0,0,0,0,0,0,0,0,0,0,0,0,0,4,0,0,0,1,84,0,6,0,0,0,0,0,0,0,0,0,0,0,0,1,0,0,0,0,6,16,100,0.375
"Dhanbad City, Jharkhand",23.7940427,86.4261706,0,0,0,0,0,0,0,0,0,0,0,0,0,0,0,0,0,0,0,0,2,0,1,0,0,0,0,3,0,0,0,0,0,0,0,0,0,0,2,0,0,0,0,0,1,13,0,1,0,0,0,0,0,0,0,0,0,0,0,0,0,0,0,0,0,0,0,4,0,0,0,0,0,0,1,0,0,0,0,0,0,1,10,0,0,0,0,61,0,0,0,0,0,0,0,0,0,0,0,0,0,0,0,0,0,0,0,3,16,100,0.1875
"Dombivli East, Thane, Maharashtra",19.2157323,73.1031728,0,0,0,0,0,0,5,1,0,0,0,2,0,0,0,0,0,0,0,0,0,0,2,0,0,1,0,1,0,0,0,0,0,0,0,0,0,0,2,0,0,1,0,0,2,1,0,0,3,0,0,0,0,0,0,0,0,0,0,0,0,0,0,0,0,1,0,5,0,1,0,0,0,0,0,0,0,0,0,22,0,0,25,0,0,0,0,16,0,5,2,0,0,1,0,0,0,0,0,0,0,1,0,0,0,0,0,2,16,100,0.125
"Durgapur City, West Bengal",23.5292384,87.351587,0,0,0,0,0,0,0,1,0,0,0,0,0,0,0,0,0,0,3,0,0,0,8,0,0,1,0,0,0,0,0,0,0,0,0,0,0,0,0,0,0,0,0,0,0,1,0,0,0,0,0,0,0,1,0,0,0,0,0,0,0,0,0,0,0,1,0,5,9,0,0,0,1,0,0,0,0,0,0,1,0,42,2,0,0,0,2,21,0,1,0,0,0,0,0,0,0,0,0,0,0,0,0,0,0,0,0,1,16,100,0.0625
"Dwarka Sector 12, New Delhi",28.5969098,77.0419895,0,0,0,0,0,0,1,2,0,0,0,0,0,0,0,0,0,0,0,0,0,0,10,0,0,0,0,2,0,0,0,0,0,0,0,0,0,0,0,0,1,0,0,0,1,7,0,0,0,0,0,0,0,1,0,0,0,0,0,0,0,0,0,0,0,0,1,0,0,0,0,0,0,0,1,0,0,0,0,1,0,2,15,0,0,0,3,46,0,6,0,0,0,0,0,0,0,0,0,0,0,0,0,0,0,0,0,9,16,100,0.5625
"Edappally, Kochi, Kerala",10.0566394,76.291473,0,0,0,0,0,0,7,1,0,0,0,4,0,0,0,0,0,0,0,0,1,0,7,0,0,0,0,7,0,0,0,0,0,0,0,0,0,0,0,0,1,0,0,0,2,6,0,0,1,0,0,0,0,1,0,0,0,0,0,0,0,0,1,0,0,0,1,4,7,1,0,0,0,0,0,0,0,0,0,7,0,2,7,0,0,0,3,28,0,1,0,0,0,0,0,0,0,0,0,0,0,0,0,0,0,0,0,4,16,100,0.25
"Electronic City, Bangalore, Karnataka",12.8478071,77.6631929,0,0,0,0,0,0,0,4,0,0,1,6,0,0,0,0,0,0,0,1,1,0,28,0,0,1,0,0,0,0,0,0,0,0,0,0,0,0,0,0,1,0,0,0,1,3,0,0,0,0,0,0,0,0,0,0,0,0,0,0,0,0,1,0,1,0,0,0,1,0,0,0,0,0,0,0,0,0,0,0,0,0,37,0,0,0,3,8,0,1,1,0,0,0,0,0,0,0,0,0,0,0,0,0,0,0,0,2,16,100,0.125
"Ernakulam, Kochi, Kerala",9.7511807,76.318561,0,0,0,0,0,0,1,1,0,0,0,0,0,0,0,0,0,0,0,2,1,0,2,0,0,2,0,1,1,0,0,0,0,1,0,0,0,0,0,0,2,0,0,0,0,0,0,0,2,0,0,0,0,0,0,0,0,0,0,0,0,0,0,0,0,0,1,1,9,0,0,1,0,0,0,0,0,0,0,9,0,0,4,0,0,0,4,27,0,0,0,0,0,1,0,0,0,0,0,0,0,0,0,0,0,0,0,9,16,73,0.5625
"Faridabad City, Haryana",28.4841588,77.3257282,0,0,0,0,0,0,2,2,0,0,0,9,0,0,0,0,0,0,0,0,1,0,0,0,0,0,0,3,0,0,0,0,0,0,0,0,0,0,0,0,1,0,0,0,4,1,0,0,0,0,0,0,0,3,0,0,0,0,0,0,0,0,0,0,0,0,0,9,8,0,0,1,0,0,0,0,0,0,0,1,0,6,14,0,0,0,13,13,0,9,0,0,0,0,0,0,0,0,0,0,0,0,0,0,0,0,0,7,16,100,0.4375
"Fort, Mumbai, Maharashtra",18.9459596,72.8337847,0,0,0,0,0,0,0,1,0,0,0,1,0,0,0,0,0,0,0,0,2,0,21,0,0,0,0,0,0,0,0,0,1,0,0,0,0,0,3,0,5,1,0,0,0,10,0,1,3,0,0,0,0,3,0,0,0,0,0,0,0,0,1,0,0,0,0,0,2,3,0,0,0,0,0,0,0,0,0,0,0,4,15,0,0,0,1,22,0,0,0,0,0,0,0,0,0,0,0,0,0,0,0,0,0,0,0,12,16,100,0.75
"Frazer Town, Bangalore, Karnataka",13.0022108,77.621035,0,0,0,0,0,0,0,0,0,0,0,0,0,0,0,0,0,0,0,1,1,0,2,0,0,1,0,0,0,0,0,0,0,2,0,0,0,0,0,0,0,0,0,0,2,4,0,0,0,0,0,0,0,0,0,0,0,0,0,0,0,0,1,0,0,1,0,0,9,0,0,0,0,0,0,0,0,0,0,1,0,58,7,0,0,0,3,7,0,0,0,0,0,0,0,0,0,0,0,0,0,0,0,0,0,0,0,13,16,100,0.8125
"Gandhinagar City, Gujarat",23.0704348,72.5243009,0,0,0,0,0,0,13,3,0,0,0,0,0,0,0,0,0,0,0,0,6,0,6,0,0,1,0,3,1,0,0,0,0,0,0,0,0,0,1,0,2,1,0,0,3,7,0,0,1,1,0,0,0,0,0,0,0,0,0,0,0,0,0,0,0,0,0,1,7,1,0,0,0,0,0,0,0,0,0,13,0,6,8,0,0,0,1,12,0,2,0,0,0,0,0,0,0,0,0,0,0,0,0,0,0,0,0,2,16,100,0.125
"Gaya City, Bihar",24.7924837,85.0077092,0,0,0,0,0,0,0,1,0,0,0,3,0,0,0,0,0,0,0,0,1,0,2,0,0,0,0,0,0,0,0,0,0,0,0,0,0,0,0,0,4,0,0,0,0,0,0,0,0,0,0,0,0,2,0,0,0,0,0,0,0,0,0,0,0,0,0,2,2,0,0,2,0,0,0,0,0,0,0,0,0,0,11,0,0,0,0,70,0,0,0,0,0,0,0,0,0,0,0,0,0,0,0,0,0,0,0,12,16,100,0.75
"Golf Course Road, Gurgaon, Haryana",28.4626859,77.117071,0,0,0,0,0,0,0,0,0,0,0,0,0,0,0,0,0,0,0,0,0,0,0,0,0,0,0,0,0,0,0,0,0,0,0,0,0,0,0,0,1,0,0,0,0,0,0,0,0,0,0,0,0,0,0,0,0,0,0,0,0,0,0,0,0,0,0,0,0,0,0,0,0,0,0,0,0,0,0,0,0,0,2,0,0,0,0,0,0,0,0,0,0,0,0,0,0,0,0,0,0,0,0,0,0,0,0,6,16,3,0.375
"Gomti Nagar, Lucknow, Uttar Pradesh",26.8513093,81.0124214,0,0,0,0,0,0,0,2,0,0,0,7,0,0,0,0,0,0,0,0,0,0,0,0,0,3,0,13,0,0,0,0,0,0,0,0,0,0,1,0,4,3,0,0,0,8,0,0,0,0,0,0,0,0,0,0,0,0,0,0,0,0,0,0,0,2,0,4,9,0,0,0,0,0,0,0,0,0,0,1,0,16,10,0,0,0,14,3,0,0,0,0,0,0,0,0,0,0,0,0,0,0,0,0,0,0,0,2,16,100,0.125
"Greater Noida, Uttar Pradesh",28.4477179,77.524566,0,0,0,0,0,0,3,5,0,0,0,1,0,0,0,0,0,0,0,0,1,0,14,0,0,0,0,16,0,0,0,0,0,0,0,0,0,0,0,0,1,0,0,1,0,13,0,0,2,0,0,0,0,3,0,0,0,0,0,0,1,0,0,0,0,3,2,1,4,0,0,0,0,0,0,0,0,0,0,0,0,1,10,0,0,0,1,11,3,3,0,0,0,0,0,0,0,0,0,0,0,0,0,0,0,0,0,10,16,100,0.625
"Gulbarga City, Karnataka",17.33965,76.8371479,0,0,0,0,0,0,0,7,0,0,0,0,0,0,0,0,1,0,0,1,0,0,5,0,0,2,0,1,0,0,0,0,2,0,0,0,0,0,0,0,0,0,0,0,1,1,0,0,0,0,0,0,0,4,0,0,0,0,0,0,0,0,0,0,2,0,0,7,1,0,0,0,0,0,0,0,0,0,0,1,0,0,2,0,0,0,1,61,0,0,0,0,0,0,0,0,0,0,0,0,0,0,0,0,0,0,0,12,16,100,0.75
"Guntur City, Andhra Pradesh",16.498447,80.6439998,0,0,0,0,0,0,0,2,0,0,0,1,0,0,0,0,0,0,0,3,4,0,5,0,0,0,0,0,1,0,0,0,1,3,0,0,0,0,0,0,6,0,0,1,1,5,0,0,0,0,0,0,0,0,0,0,0,0,0,0,0,0,0,0,0,0,0,0,0,0,0,0,0,0,1,0,0,0,0,6,0,33,4,0,0,0,5,17,1,0,0,0,0,0,0,0,0,0,0,0,0,0,0,0,0,0,0,3,16,100,0.1875
"Gurgaon Cyber City, Haryana",28.4798011,77.0813162,0,0,0,0,0,0,0,0,0,0,0,1,0,0,0,0,0,0,0,0,0,0,6,0,0,0,0,1,0,0,0,0,0,0,0,0,0,0,0,0,0,0,0,0,0,1,0,0,0,0,0,0,0,2,0,0,0,0,0,0,0,0,0,0,0,0,0,0,0,1,0,0,0,0,0,0,0,0,0,0,0,1,15,0,0,0,0,71,1,0,0,0,0,0,0,0,0,0,0,0,0,0,0,0,0,0,0,9,16,100,0.5625
"Gurgaon MG Road, Haryana",28.4798011,77.0813162,0,0,0,0,0,0,0,0,0,0,0,1,0,0,0,0,0,0,0,0,0,0,6,0,0,0,0,1,0,0,0,0,0,0,0,0,0,0,0,0,0,0,0,0,0,1,0,0,0,0,0,0,0,2,0,0,0,0,0,0,0,0,0,0,0,0,0,0,0,1,0,0,0,0,0,0,0,0,0,0,0,1,15,0,0,0,0,71,1,0,0,0,0,0,0,0,0,0,0,0,0,0,0,0,0,0,0,9,16,100,0.5625
"HSR Layout, Bangalore, Karnataka",12.9165423,77.6519551,0,0,0,0,0,0,0,0,0,0,0,0,0,0,0,0,0,0,0,0,1,0,28,0,0,0,0,0,0,0,0,0,1,0,0,0,0,0,0,0,0,0,0,0,2,0,0,0,0,1,0,0,0,0,0,0,0,0,0,0,0,0,0,0,0,0,0,4,0,0,0,0,0,0,0,0,0,0,0,1,0,0,0,0,0,0,0,61,1,0,0,0,0,0,0,0,0,0,0,0,0,0,0,0,0,0,0,5,16,100,0.3125
"Hadapsar, Pune, Maharashtra",18.499079,73.9341695,0,0,0,0,0,0,0,1,0,0,0,1,0,0,0,0,0,0,0,0,0,0,4,0,0,0,0,2,0,0,0,0,0,1,0,0,0,0,0,0,1,0,0,0,1,0,0,0,0,0,0,0,0,1,0,0,0,0,0,0,0,0,0,0,0,0,0,2,4,0,0,0,1,0,1,0,0,0,0,3,0,11,5,0,0,0,3,58,0,0,0,0,0,0,0,0,0,0,0,0,0,0,0,0,0,0,0,11,16,100,0.6875
"Haridwar City, Uttarakhand",30.0604135,78.2894862,0,0,0,0,0,0,0,0,0,0,0,2,0,0,0,0,0,0,0,0,0,0,0,0,0,0,0,0,0,0,0,0,0,0,0,0,0,0,0,0,0,0,0,0,0,1,0,0,0,0,0,0,0,0,0,0,0,0,0,0,0,0,0,0,0,1,0,0,1,0,0,0,0,0,0,0,0,0,0,0,0,0,0,0,0,0,1,0,0,1,0,0,0,0,0,0,0,0,0,0,0,0,0,0,0,0,0,0,16,7,0.0
"Hauz Khas, New Delhi",28.5526463,77.2017518,0,0,0,0,0,0,0,0,0,0,0,0,0,0,0,0,0,0,0,1,0,0,6,0,0,0,0,0,1,0,0,0,0,0,0,0,0,0,0,0,1,0,0,0,0,4,0,6,0,2,0,0,0,1,0,0,0,0,1,0,0,0,2,0,1,4,0,0,3,0,0,0,0,0,1,0,0,0,0,0,0,0,23,0,0,0,1,41,0,1,0,0,0,0,0,0,0,0,0,0,0,0,0,0,0,0,0,11,16,100,0.6875
"Hinjewadi, Pune, Maharashtra",18.5979574,73.700786,0,0,0,0,0,0,3,2,0,0,1,9,0,0,0,0,0,0,0,0,0,0,35,0,0,0,0,0,1,0,0,0,0,0,0,0,0,0,0,0,0,0,0,0,0,2,0,0,2,0,0,0,0,0,0,0,0,0,0,0,0,0,0,0,0,0,0,7,0,0,0,0,0,0,0,0,0,0,0,2,0,6,18,0,0,0,0,0,0,5,0,0,0,0,0,0,0,0,0,0,0,0,0,0,0,0,0,0,16,93,0.0
"Hisar City, Haryana",28.8994857,76.5532936,0,0,0,0,0,0,0,0,0,0,0,1,0,0,0,0,0,0,0,0,0,0,6,0,0,1,0,1,0,0,0,0,0,1,0,0,0,0,0,0,0,0,0,0,0,0,0,0,2,0,0,0,0,1,0,0,0,0,0,0,1,0,0,0,0,0,1,7,1,0,0,0,0,0,0,0,0,0,0,25,0,0,4,0,0,0,1,47,0,0,0,0,0,0,0,0,0,0,0,0,0,0,0,0,0,0,0,14,16,100,0.875
"Howrah, West Bengal",22.5944824,88.265686,0,0,0,0,0,0,2,1,0,0,0,4,0,0,0,0,0,0,1,1,0,0,0,0,0,0,0,7,0,0,0,0,0,0,0,0,0,0,2,0,1,1,0,0,2,6,0,0,0,0,0,0,0,0,0,0,0,0,0,0,0,0,0,0,0,2,2,4,8,0,0,0,0,0,0,0,0,0,0,2,0,0,12,0,0,0,3,39,0,0,0,0,0,0,0,0,0,0,0,0,0,0,0,0,0,0,0,3,16,100,0.1875
"Hubli City, Karnataka",15.3862196,75.082741,0,0,0,0,0,0,1,4,0,0,0,0,0,0,0,0,0,0,0,0,0,0,2,0,0,1,0,2,0,0,0,0,0,0,0,0,0,0,0,0,3,0,0,1,0,4,0,2,0,0,0,0,0,0,0,0,0,0,0,0,0,0,0,0,0,1,1,3,5,0,0,0,0,0,0,0,0,0,0,4,0,2,4,0,0,0,5,55,0,0,0,0,0,0,0,0,0,0,0,0,0,0,0,0,0,0,0,4,16,100,0.25
"Imphal City, Manipur",24.8021535,93.938618,0,0,0,0,0,0,0,1,0,0,0,4,0,0,0,0,1,0,0,4,0,0,4,0,0,0,0,3,0,0,0,0,0,1,0,0,0,0,0,0,24,0,0,0,2,1,0,3,0,0,2,0,0,0,0,0,0,0,0,0,0,0,2,0,0,2,1,5,1,4,0,3,0,1,0,0,0,0,0,0,0,1,16,0,0,0,8,5,0,0,0,0,0,1,0,0,0,0,0,0,0,0,0,0,0,0,0,12,16,100,0.75
"Indiranagar, Bangalore, Karnataka",12.9719015,77.6367928,0,0,0,0,0,0,2,1,0,0,0,7,0,0,0,0,0,0,0,2,5,0,6,0,0,2,0,4,0,0,0,0,0,0,0,0,0,0,1,0,1,0,0,0,3,3,0,0,0,0,0,0,0,0,0,0,0,0,0,0,1,0,1,0,0,1,0,3,8,0,0,0,0,0,0,0,0,0,0,0,0,8,21,0,0,0,1,19,0,0,0,0,0,0,0,0,0,0,0,0,0,0,0,0,0,0,0,13,16,100,0.8125
"Jalandhar City, Punjab",31.3478513,75.6032045,0,0,0,0,0,0,0,0,0,0,0,2,0,0,0,0,0,0,0,0,0,0,3,0,0,0,0,0,0,0,0,0,0,0,0,0,0,0,1,0,0,0,0,0,0,0,0,0,0,0,0,0,0,0,0,0,0,0,0,0,0,0,0,0,0,0,0,2,0,0,0,0,0,0,0,0,0,0,0,31,0,0,7,0,0,0,1,50,0,3,0,0,0,0,0,0,0,0,0,0,0,0,0,0,0,0,0,12,16,100,0.75
"Jamnagar City, Gujarat",22.432788,70.0559897,0,0,0,0,0,0,0,0,0,0,0,1,0,0,0,0,0,0,0,0,0,0,0,0,0,0,0,0,0,0,0,0,0,0,0,0,0,0,0,0,0,0,0,0,0,1,0,0,0,0,0,0,0,0,0,0,0,0,0,0,0,0,0,0,0,0,0,2,1,0,0,0,0,0,0,0,0,0,0,0,0,5,1,0,0,0,2,11,0,0,0,0,0,0,0,0,0,0,0,0,0,0,0,0,0,0,0,7,16,24,0.4375
"Jamshedpur City, Jharkhand",22.843639,86.212528,0,0,0,0,0,0,5,0,0,0,0,1,0,0,0,0,0,0,0,0,1,0,8,0,0,0,0,4,0,0,0,0,0,0,0,0,0,0,0,0,1,1,0,0,1,3,0,0,0,0,0,0,0,0,1,0,0,0,0,0,0,0,0,0,0,0,0,2,1,0,0,0,0,0,0,0,0,0,0,30,0,11,7,0,0,0,9,13,0,1,0,0,0,0,0,0,0,0,0,0,0,0,0,0,0,0,0,8,16,100,0.5
"Jhansi City, Uttar Pradesh",25.4487305,78.5701294,0,0,0,0,0,0,3,2,0,0,0,1,0,0,0,0,0,0,0,2,2,0,3,0,0,0,0,1,0,0,0,0,0,0,0,0,0,0,1,0,0,0,0,0,1,9,0,1,0,0,0,0,0,1,0,0,0,0,0,0,0,0,1,0,0,0,0,3,2,2,0,0,0,0,1,0,0,0,0,4,0,0,12,0,0,0,4,42,0,1,1,0,0,0,0,0,0,0,0,0,0,0,0,0,0,0,0,12,16,100,0.75
"Jodhpur City, Rajasthan",26.381001,73.5467,0,0,0,0,0,0,0,1,0,0,0,1,0,0,0,0,0,0,0,4,0,4,4,3,0,0,0,0,0,0,0,0,0,0,0,0,0,0,2,0,22,0,0,0,1,4,0,0,0,0,1,0,0,2,0,0,0,0,0,0,0,0,0,0,0,2,0,3,6,1,0,0,0,0,1,0,0,0,0,6,0,1,2,0,0,0,14,14,0,1,0,0,0,0,0,0,0,0,0,0,0,0,0,0,0,0,0,0,16,100,0.0
"Jubilee Hills, Hyderabad, Telangana",17.4333041,78.4013942,0,0,0,0,0,1,5,0,0,0,0,7,0,0,0,0,0,0,0,0,3,0,8,0,0,2,0,0,1,0,0,0,0,0,0,0,0,0,0,0,0,0,0,0,0,2,0,0,0,1,0,0,0,0,0,0,0,0,0,0,1,0,0,0,0,0,0,1,0,0,0,0,0,0,0,0,0,0,0,1,0,33,15,0,0,0,4,13,0,2,0,0,0,0,0,0,0,0,0,0,0,0,0,0,0,0,0,4,16,100,0.25
"Kadavanthra, Kochi, Kerala",9.9576168,76.2511512,0,0,0,0,0,0,0,0,0,0,0,0,0,0,0,0,0,0,0,1,0,0,3,0,0,0,0,0,0,0,0,0,0,0,0,0,0,0,0,0,0,0,0,0,1,0,0,1,0,0,0,0,0,0,0,0,0,0,0,0,0,0,0,0,0,0,0,1,1,0,0,0,0,0,0,0,0,0,0,0,0,0,5,0,0,0,2,83,1,0,0,0,0,0,0,0,0,0,0,0,0,0,0,0,1,0,0,9,16,100,0.5625
"Kakinada City, Andhra Pradesh",16.9673975,82.2333385,0,0,0,0,0,0,1,1,0,0,0,0,0,0,0,0,0,0,0,0,0,0,9,0,0,1,0,2,0,0,0,0,0,0,0,0,0,0,1,0,3,1,0,0,2,2,0,0,0,0,0,0,0,0,0,0,0,0,0,0,0,0,1,0,1,0,0,4,6,1,0,0,0,0,0,0,1,0,0,6,0,31,1,0,0,0,0,23,0,0,0,0,0,0,0,0,0,0,0,0,0,2,0,0,0,0,0,12,16,100,0.75
"Kakkanad, Kochi, Kerala",9.9576168,76.2511512,0,0,0,0,0,0,0,0,0,0,0,0,0,0,0,0,0,0,0,1,0,0,3,0,0,0,0,0,0,0,0,0,0,0,0,0,0,0,0,0,0,0,0,0,1,0,0,1,0,0,0,0,0,0,0,0,0,0,0,0,0,0,0,0,0,0,0,1,1,0,0,0,0,0,0,0,0,0,0,0,0,0,5,0,0,0,2,83,1,0,0,0,0,0,0,0,0,0,0,0,0,0,0,0,1,0,0,10,16,100,0.625
"Kandivali East, Mumbai, Maharashtra",19.1913449,72.8740971,0,0,0,0,0,0,0,0,0,0,0,1,0,0,0,0,0,0,0,0,0,0,1,0,0,0,0,6,0,0,0,0,0,0,0,0,0,0,1,0,0,1,0,0,1,0,0,0,0,0,0,0,0,0,0,0,0,0,0,0,0,0,0,0,0,0,0,5,1,1,0,0,0,0,0,0,0,0,0,0,0,6,4,0,0,0,3,67,0,2,0,0,0,0,0,0,0,0,0,0,0,0,0,0,0,0,0,3,16,100,0.1875
"Kannur City, Kerala",11.8719881,75.379077,0,0,0,0,0,0,3,1,0,0,0,0,0,0,0,0,0,0,0,0,2,0,6,0,0,1,0,0,0,0,0,0,0,0,0,0,0,0,0,0,2,0,0,0,3,0,0,0,0,0,0,0,0,1,0,0,0,0,0,0,0,0,0,0,1,0,0,1,1,0,0,0,0,0,0,0,0,0,0,3,0,0,17,0,0,0,1,55,2,0,0,0,0,0,0,0,0,0,0,0,0,0,0,0,0,0,0,12,16,100,0.75
"Karimnagar City, Telangana",18.458233,79.136705,0,0,0,0,0,0,2,2,0,0,0,1,0,1,0,0,0,0,0,3,3,0,2,0,0,0,0,6,0,0,0,0,0,0,0,0,0,0,0,0,0,2,0,0,4,3,0,0,2,0,0,0,0,1,0,0,0,0,0,0,0,0,0,0,0,0,2,13,5,0,0,0,0,0,0,0,0,0,0,2,0,11,15,0,0,0,6,12,0,1,0,0,0,0,0,0,0,0,0,0,0,0,0,1,0,0,0,9,16,100,0.5625
"Karnal City, Haryana",29.6531038,77.0078492,0,0,0,0,0,0,0,0,0,0,0,0,0,0,0,0,0,0,0,0,0,0,0,0,0,0,0,0,0,0,0,0,0,0,0,0,0,0,0,0,0,0,0,0,0,0,0,0,1,0,0,0,0,0,0,0,0,0,0,0,0,0,0,0,0,0,0,0,1,0,0,0,0,0,0,0,0,0,0,0,0,0,0,0,0,0,0,0,0,0,0,0,0,0,0,0,0,0,0,0,0,0,0,0,0,0,0,0,16,2,0.0
"Kharghar, Navi Mumbai, Maharashtra",19.0334,73.018997,0,0,0,0,0,0,1,5,0,0,0,2,0,0,0,0,0,0,0,0,0,0,8,0,0,1,0,1,0,0,0,0,0,0,0,0,0,0,1,0,0,0,0,0,2,1,0,0,0,0,0,0,0,0,0,0,0,0,0,0,0,0,0,0,0,1,0,2,1,0,0,0,0,0,0,0,1,0,0,0,0,2,10,0,0,0,14,47,0,0,0,0,0,0,0,0,0,0,0,0,0,0,0,0,0,0,0,1,16,100,0.0625
"Kohima City, Nagaland",25.6749234,94.1105241,0,0,0,0,0,0,0,8,0,0,0,3,0,0,0,0,0,0,0,2,1,0,3,1,0,1,0,1,0,0,0,0,0,1,0,0,0,0,0,0,16,0,0,0,1,13,0,0,0,0,0,0,0,1,0,0,0,0,1,0,0,0,0,0,1,0,0,0,19,2,0,4,0,0,1,0,0,0,0,0,0,0,3,0,0,0,5,3,6,2,1,0,0,0,0,0,0,0,0,0,0,0,0,0,0,0,0,8,16,100,0.5
"Kollam City, Kerala",8.8869046,76.5904652,0,0,0,0,0,0,0,2,0,0,0,0,0,0,0,0,1,0,0,0,1,0,3,0,0,0,0,3,0,0,0,0,0,0,0,0,0,0,1,0,0,0,0,0,1,1,0,0,0,0,0,0,0,0,0,0,0,0,0,0,1,0,0,0,0,0,2,5,0,0,0,1,0,0,1,0,0,0,0,7,0,0,3,0,0,0,0,66,1,0,0,0,0,0,0,0,0,0,0,0,0,0,0,0,0,0,0,13,16,100,0.8125
"Koraput City, Odisha",18.8131994,82.7126008,0,0,0,0,0,0,1,3,0,0,0,2,0,0,0,0,0,0,0,0,0,0,2,0,0,0,0,1,0,0,0,0,0,0,0,0,0,0,1,0,4,0,0,0,0,1,0,0,0,0,0,0,0,2,0,0,0,0,0,0,1,0,0,0,0,1,0,5,1,2,0,0,0,0,0,0,0,0,0,0,0,0,3,0,0,0,4,66,0,0,0,0,0,0,0,0,0,0,0,0,0,0,0,0,0,0,0,6,16,100,0.375
"Koregaon Park, Pune, Maharashtra",18.5420451,73.8881809,0,0,0,0,0,0,0,0,0,0,0,4,0,0,0,0,0,0,0,0,0,0,9,0,0,0,0,3,0,0,0,0,0,1,0,0,0,0,0,0,0,0,0,0,0,7,0,1,0,0,0,0,0,1,0,0,0,0,0,0,0,1,0,0,0,2,0,1,1,0,0,0,3,0,1,0,0,0,0,0,0,15,13,0,0,0,2,32,0,2,0,0,0,0,0,0,0,0,0,0,0,0,0,0,1,0,0,11,16,100,0.6875
"Kota City, Rajasthan",25.2109082,75.8213499,0,0,0,0,0,2,0,1,0,0,0,1,0,0,0,0,0,0,0,0,0,0,3,0,0,0,0,1,0,0,0,0,0,0,0,0,0,0,0,0,0,0,0,0,0,6,0,2,0,0,0,0,0,0,0,0,0,0,0,0,0,0,0,0,0,2,2,3,7,0,0,0,0,0,2,0,0,0,0,5,0,0,6,0,0,0,6,49,0,2,0,0,0,0,0,0,0,0,0,0,0,0,0,0,0,0,0,1,16,100,0.0625
"Kothrud, Pune, Maharashtra",18.5010542,73.8116455,0,0,0,0,0,0,0,0,0,0,0,0,0,0,0,0,0,0,0,0,0,0,4,0,0,0,0,7,0,0,0,0,0,1,0,0,0,0,0,0,0,0,0,0,0,0,0,0,1,0,0,0,0,0,0,0,0,0,0,0,0,0,0,0,0,0,0,4,5,0,0,0,0,0,0,0,0,0,0,0,0,30,1,0,0,0,1,45,0,1,0,0,0,0,0,0,0,0,0,0,0,0,0,0,0,0,0,6,16,100,0.375
"Kottayam Town, Kerala",9.591754,76.5319074,0,0,0,0,0,0,0,3,0,0,0,0,0,0,0,0,0,0,0,1,3,0,21,0,0,0,0,0,0,0,0,0,1,0,0,0,0,0,1,0,0,2,0,0,0,3,0,0,2,0,0,0,0,0,0,0,0,0,0,0,0,0,0,0,0,1,0,0,1,0,0,0,0,0,0,0,0,1,0,0,0,0,3,0,0,0,4,53,0,0,0,0,0,0,0,0,0,0,0,0,0,0,0,0,0,0,0,8,16,100,0.5
"Kozhikode City, Kerala",11.2341272,75.795501,0,0,0,0,0,0,1,1,0,0,0,6,0,0,0,0,1,0,0,1,2,0,5,0,0,0,0,1,0,0,0,0,0,0,0,0,0,0,3,0,1,0,0,0,1,4,0,1,1,0,0,0,0,0,0,0,0,0,0,0,0,0,0,0,0,0,0,1,9,0,0,0,0,0,0,0,0,0,0,4,0,9,1,0,0,0,12,29,3,1,0,0,0,0,2,0,0,0,0,0,0,0,0,0,0,0,0,13,16,100,0.8125
"Lajpat Nagar, New Delhi",28.5731147,77.2462327,0,0,0,0,0,0,0,0,0,0,0,0,0,0,0,0,0,0,0,0,0,0,1,0,0,5,0,5,0,0,0,0,0,0,0,0,0,0,1,0,10,0,0,1,2,5,0,0,0,0,0,0,0,0,0,0,0,0,0,0,0,0,0,0,0,1,0,5,1,0,0,0,0,0,2,0,0,0,0,2,0,0,6,0,0,0,4,46,0,3,0,0,0,0,0,0,0,0,0,0,0,0,0,0,0,0,0,12,16,100,0.75
"Lower Parel, Mumbai, Maharashtra",18.9962663,72.8268788,0,0,0,0,0,0,0,0,0,0,0,2,0,0,0,0,0,0,0,0,0,0,7,0,0,0,0,5,0,0,0,0,0,0,0,0,0,0,2,0,0,0,0,0,0,0,0,0,1,0,0,0,0,0,0,0,0,0,0,0,0,0,1,0,0,0,0,3,0,0,0,0,0,0,0,0,0,0,0,0,0,6,31,0,0,0,1,39,0,2,0,0,0,0,0,0,0,0,0,0,0,0,0,0,0,0,0,16,16,100,1.0
"Ludhiana City, Punjab",30.8519434,75.8598782,0,0,0,0,0,0,1,3,0,0,0,0,0,0,0,0,0,0,0,0,1,0,3,0,0,0,0,0,0,0,0,0,1,0,0,0,0,0,2,0,5,0,0,0,0,1,0,0,3,0,0,0,0,0,0,0,0,0,0,0,0,0,1,0,0,1,1,0,3,0,0,0,0,0,0,0,0,0,0,6,0,0,3,0,0,0,3,61,0,0,0,0,0,0,1,0,0,0,0,0,0,0,0,0,0,0,0,13,16,100,0.8125
"MG Road, Kochi, Kerala",10.5160332,76.2538456,0,0,0,0,0,0,3,0,0,0,0,0,0,0,0,0,0,0,0,3,6,0,10,0,0,1,0,9,1,0,0,0,0,1,0,0,0,0,1,0,1,2,0,0,0,2,0,0,3,0,0,0,0,3,0,0,0,0,0,0,0,0,0,0,0,1,1,0,6,0,0,0,1,0,0,0,0,0,0,12,0,2,7,0,0,0,6,18,0,0,0,0,0,0,0,0,0,0,0,0,0,0,0,0,0,0,0,2,16,100,0.125
"MI Road, Jaipur, Rajasthan",26.9171019,75.7992711,0,0,0,0,0,0,1,7,0,0,0,2,0,0,0,0,0,0,0,0,5,0,28,0,0,0,0,5,0,0,0,1,1,0,0,0,0,0,1,0,0,0,0,0,0,6,0,0,0,0,0,0,0,1,0,0,0,0,0,0,2,0,0,0,0,0,0,0,1,0,0,0,0,0,0,0,0,0,0,0,0,1,13,0,0,0,0,25,0,0,0,0,0,0,0,0,0,0,0,0,0,0,0,0,0,0,0,10,16,100,0.625
"Madurai City, Tamil Nadu",9.7427816,77.7953645,0,0,0,0,0,0,4,1,0,0,0,5,0,0,0,0,0,0,0,0,0,0,6,0,0,0,0,3,0,0,0,0,0,0,0,0,0,0,0,0,2,0,0,0,0,4,0,1,2,0,0,0,0,0,0,0,0,0,0,0,0,0,0,0,0,0,2,1,1,0,0,0,0,0,0,0,0,0,0,10,0,0,1,0,0,0,8,49,0,0,0,0,0,0,0,0,0,0,0,0,0,0,0,0,0,0,0,0,16,100,0.0
"Malviya Nagar, Jaipur, Rajasthan",26.8554493,75.8203746,0,0,0,0,0,0,0,2,0,0,0,0,0,0,0,0,0,0,0,0,0,0,5,0,0,1,0,1,0,0,0,0,0,0,0,0,0,0,1,0,1,0,0,0,1,5,0,0,0,0,0,0,0,0,0,0,0,0,1,0,1,0,0,0,0,2,0,7,5,0,0,0,1,0,0,0,0,0,0,1,0,1,11,0,0,0,0,53,0,0,0,0,0,0,0,0,0,0,0,0,0,0,0,0,0,0,0,1,16,100,0.0625
"Mangalore City, Karnataka",12.9070024,74.8803527,0,0,0,0,0,0,0,1,0,0,0,0,0,0,0,0,0,0,0,2,1,0,1,0,0,0,0,1,0,0,0,0,0,1,0,0,0,0,1,0,1,0,0,0,0,1,0,0,0,0,0,0,0,0,0,0,0,0,0,0,0,0,0,0,0,0,0,0,18,0,0,0,0,0,0,0,0,0,0,0,0,5,1,0,0,0,3,8,0,0,0,0,0,0,0,0,0,0,0,0,0,1,0,0,0,0,0,7,16,46,0.4375
"Maninagar, Ahmedabad, Gujarat",22.9832788,72.6140353,0,0,0,0,0,0,1,1,0,0,0,0,0,0,0,0,0,0,0,0,3,0,5,0,0,2,0,3,0,0,0,0,0,0,0,0,0,0,1,0,2,0,0,0,3,0,0,1,0,0,0,0,0,0,0,0,0,0,0,0,0,0,1,0,0,0,0,2,5,0,0,1,0,0,1,0,0,0,0,2,0,15,4,0,0,0,12,35,0,0,0,0,0,0,0,0,0,0,0,0,0,0,0,0,0,0,0,1,16,100,0.0625
"Marathahalli, Bangalore, Karnataka",12.9545264,77.7027027,0,0,0,0,0,0,2,0,0,0,0,1,0,0,0,0,0,0,0,0,0,0,2,0,0,1,0,0,0,0,0,0,0,0,0,0,0,0,0,0,1,0,0,0,0,23,0,0,0,0,0,0,0,2,0,0,0,0,0,0,0,0,2,0,0,0,0,4,2,0,0,0,0,0,0,0,0,0,0,1,0,15,17,0,0,0,7,19,0,1,0,0,0,0,0,0,0,0,0,0,0,0,0,0,0,0,0,9,16,100,0.5625
"Mathura City, Uttar Pradesh",27.4849744,77.685131,0,0,0,0,0,0,2,1,0,0,0,2,0,0,0,0,0,0,0,1,1,0,2,0,0,2,0,7,0,0,0,0,0,0,0,0,0,0,1,0,6,0,0,0,1,11,0,1,0,0,0,0,0,0,0,0,0,0,0,0,0,0,0,0,1,1,0,1,16,0,0,0,0,0,2,0,1,0,0,3,0,0,4,0,0,0,17,12,0,4,0,0,0,0,0,0,0,0,0,0,0,0,0,0,0,0,0,11,16,100,0.6875
"Meerut City, Uttar Pradesh",28.9498578,77.6419455,0,0,0,0,0,0,1,1,0,0,0,9,0,0,0,0,0,0,0,7,3,0,0,0,0,0,0,1,0,0,0,0,0,2,0,0,0,0,3,0,3,0,0,0,0,18,0,0,0,0,0,0,0,0,0,0,0,0,0,0,0,0,0,0,0,2,1,3,5,1,0,0,0,0,0,0,0,0,0,1,0,1,11,0,0,0,14,0,0,2,0,0,0,0,0,0,0,0,0,0,0,0,0,0,0,0,0,9,16,89,0.5625
"Moradabad City, Uttar Pradesh",28.8331428,78.7652781,0,0,0,0,0,0,0,2,0,0,0,1,0,0,0,0,0,0,0,1,0,0,0,0,0,0,0,2,0,0,0,0,0,0,0,0,0,0,0,0,1,0,0,0,0,18,0,0,0,0,0,0,0,0,0,0,0,0,0,0,1,0,1,0,0,0,1,1,5,0,0,0,0,0,3,0,1,0,0,2,0,1,26,0,0,0,4,29,0,0,0,0,0,0,0,0,0,0,0,0,0,0,0,0,0,0,0,13,16,100,0.8125
"Mumbai Central, Mumbai, Maharashtra",18.9770366,72.826266,0,0,0,0,0,0,2,0,0,0,0,2,0,0,0,0,0,0,0,0,0,0,1,0,0,2,0,7,0,0,0,0,3,0,0,0,0,0,1,0,2,0,0,0,2,0,0,0,0,0,1,0,0,0,0,0,0,0,0,0,0,0,0,0,0,0,0,3,7,1,0,1,0,0,0,0,0,0,0,3,0,16,20,0,0,0,6,18,0,2,0,0,0,0,0,0,0,0,0,0,0,0,0,0,0,0,0,11,16,100,0.6875
"Muzaffarpur City, Bihar",26.1227209,85.3786314,0,0,0,0,0,0,0,0,0,0,0,2,0,0,0,0,0,0,1,0,0,0,0,0,0,0,0,1,0,0,0,0,0,0,0,0,0,0,1,0,3,0,0,0,1,21,0,0,0,0,0,0,0,1,0,0,0,0,0,0,1,0,1,0,0,0,0,1,1,1,0,1,0,0,2,0,2,0,0,0,0,2,11,0,0,0,0,46,0,0,0,0,0,0,0,0,0,0,0,0,0,0,0,0,0,0,0,10,16,100,0.625
"Mysore City, Karnataka",12.3136462,76.6171643,0,0,0,0,0,0,0,6,0,0,0,7,0,0,0,0,0,0,0,21,1,0,0,0,0,0,0,0,0,0,0,0,0,0,0,0,0,0,0,0,3,0,0,0,2,10,0,1,0,0,2,0,0,0,0,0,0,0,2,0,0,0,1,0,0,3,0,0,1,0,0,4,0,0,0,0,0,0,0,0,0,7,5,0,0,0,13,3,0,7,1,0,0,0,0,0,0,0,0,0,0,0,0,0,0,0,0,13,16,100,0.8125
"Navrangpura, Ahmedabad, Gujarat",23.0374547,72.5639835,0,0,0,0,0,0,1,2,0,0,0,0,0,0,0,0,0,0,0,0,11,0,22,0,0,1,0,1,2,0,0,0,0,1,0,0,0,0,0,0,1,0,0,0,2,1,0,0,0,0,0,0,0,0,1,0,0,0,0,0,0,0,0,0,0,0,0,0,1,0,0,0,0,0,0,0,0,0,0,0,0,25,11,0,0,0,2,14,0,1,0,0,0,0,0,0,0,0,0,0,0,0,0,0,0,0,0,16,16,100,1.0
"Nellore City, Andhra Pradesh",14.413352,79.962271,0,0,0,0,0,0,6,1,0,0,0,2,0,0,0,0,0,0,0,0,0,0,10,0,0,1,0,2,0,0,0,0,0,0,0,0,0,0,1,0,3,0,0,0,0,0,0,0,1,0,0,0,0,0,0,0,0,0,0,0,0,0,0,0,0,0,0,1,7,0,0,0,0,0,0,0,0,0,0,3,0,7,9,0,0,0,3,43,0,0,0,0,0,0,0,0,0,0,0,0,0,0,0,0,0,0,0,8,16,100,0.5
"Nerul, Navi Mumbai, Maharashtra",19.020485,73.0035976,0,0,0,0,0,0,1,0,1,0,0,1,0,0,0,0,0,0,0,3,0,0,0,0,0,0,0,6,0,0,0,0,0,0,0,0,0,0,3,0,0,0,0,0,0,1,0,1,0,0,0,0,0,0,0,0,0,0,0,0,0,0,0,0,0,1,0,1,3,0,0,0,0,0,2,0,0,0,0,0,0,21,1,0,0,0,3,49,0,2,0,0,0,0,0,0,0,0,0,0,0,0,0,0,0,0,0,3,16,100,0.1875
"New Town, Kolkata, West Bengal",22.4761739,88.3478394,0,0,0,0,0,0,0,1,0,0,0,2,0,0,0,0,0,0,0,0,0,0,6,0,0,0,0,2,0,0,0,0,0,0,0,0,0,0,0,0,1,0,0,0,0,0,0,0,0,0,1,0,0,0,0,0,0,0,0,0,0,0,0,0,0,0,0,4,5,0,0,1,1,0,0,0,0,0,0,1,0,13,0,0,0,0,7,53,0,2,0,0,0,0,0,0,0,0,0,0,0,0,0,0,0,0,0,3,16,100,0.1875
"Noida Sector 18, Uttar Pradesh",28.5705225,77.3261967,0,0,0,0,0,1,0,0,0,0,0,0,0,0,0,0,0,0,0,0,2,0,4,0,0,0,0,2,0,0,0,0,1,0,0,0,0,0,0,0,0,0,0,0,0,1,0,0,0,0,0,0,0,1,0,0,0,0,0,0,0,0,0,0,0,0,0,2,0,0,0,0,0,0,0,0,1,0,0,0,0,0,8,0,0,0,1,76,0,0,0,0,0,0,0,0,0,0,0,0,0,0,0,0,0,0,0,11,16,100,0.6875
"Noida Sector 62, Uttar Pradesh",28.626626,77.3654727,0,0,0,0,0,0,0,2,0,0,1,10,0,0,0,0,0,0,0,7,5,0,13,0,0,0,0,0,0,0,0,0,0,0,0,0,0,0,0,0,7,0,0,0,0,8,0,0,0,1,0,0,0,0,1,0,0,0,0,0,0,0,0,0,0,6,0,0,2,0,0,0,0,0,0,0,0,0,0,0,0,2,27,0,0,0,6,2,0,0,0,0,0,0,0,0,0,0,0,0,0,0,0,0,0,0,0,10,16,100,0.625
"Noida Sector 76, Uttar Pradesh",28.568967,77.3852713,0,0,0,0,0,0,0,0,0,0,0,0,0,0,0,0,0,0,0,0,0,0,2,0,0,4,0,10,0,0,0,0,0,0,0,0,0,0,0,0,0,0,0,0,0,0,0,0,0,0,0,0,0,3,0,0,0,0,0,0,0,0,0,0,0,0,0,6,0,0,0,0,0,0,0,0,0,0,0,0,0,5,47,0,0,0,0,19,0,3,0,0,0,0,0,0,0,0,0,0,0,1,0,0,0,0,0,4,16,100,0.25
"Palakkad City, Kerala",10.8001,76.639099,0,0,0,0,0,0,0,1,0,0,0,1,0,0,0,0,0,0,0,0,2,0,2,0,0,0,0,1,0,0,0,0,0,1,0,0,0,0,1,0,9,0,0,0,1,12,0,0,0,0,0,0,0,0,0,0,0,0,0,0,0,0,1,0,0,0,1,2,2,0,0,0,0,0,3,0,1,0,0,0,0,1,4,0,0,0,2,47,5,0,0,0,0,0,0,0,0,0,0,0,0,0,0,0,0,0,0,13,16,100,0.8125
"Palarivattom, Kochi, Kerala",9.9576168,76.2511512,0,0,0,0,0,0,0,0,0,0,0,0,0,0,0,0,0,0,0,1,0,0,3,0,0,0,0,0,0,0,0,0,0,0,0,0,0,0,0,0,0,0,0,0,1,0,0,1,0,0,0,0,0,0,0,0,0,0,0,0,0,0,0,0,0,0,0,1,1,0,0,0,0,0,0,0,0,0,0,0,0,0,5,0,0,0,2,83,1,0,0,0,0,0,0,0,0,0,0,0,0,0,0,0,1,0,0,9,16,100,0.5625
"Paldi, Ahmedabad, Gujarat",23.0129278,72.5557872,0,0,0,0,0,0,0,1,0,0,0,0,0,0,0,0,0,0,0,0,0,0,0,0,0,0,0,1,0,0,0,0,0,1,0,0,0,0,0,0,0,0,0,0,0,1,0,0,0,0,0,0,0,0,0,0,0,0,0,0,0,0,0,0,0,0,0,1,2,0,0,0,0,0,0,0,0,0,0,0,0,84,1,0,0,0,0,6,0,2,0,0,0,0,0,0,0,0,0,0,0,0,0,0,0,0,0,13,16,100,0.8125
"Panipat City, Haryana",29.4283503,76.9533079,0,0,0,0,0,0,1,1,0,0,0,0,0,0,0,0,0,0,0,0,0,0,0,0,0,0,0,0,0,0,0,0,0,0,0,0,0,0,0,0,0,0,0,0,1,0,0,0,0,0,0,0,0,0,0,0,0,0,0,0,0,0,0,0,0,0,0,1,1,0,0,0,0,0,0,0,0,0,0,0,0,0,0,0,0,0,2,0,0,0,0,0,0,0,0,0,0,0,0,0,0,0,0,0,0,0,0,8,16,7,0.5
"Powai, Mumbai, Maharashtra",19.1238155,72.9126101,0,0,0,0,0,1,1,1,0,0,0,0,0,0,0,0,0,0,0,0,3,0,21,0,0,4,0,4,0,0,0,0,0,0,0,0,0,0,0,0,0,2,0,0,1,0,0,0,0,2,0,0,0,0,0,0,0,0,0,0,3,0,0,0,0,0,0,0,0,0,0,0,1,0,0,0,0,0,0,0,0,0,4,0,0,0,18,33,0,1,0,0,0,0,0,0,0,0,0,0,0,0,0,0,0,0,0,13,16,100,0.8125
"Rajahmundry City, Andhra Pradesh",17.0376947,81.7778132,0,0,0,0,0,0,0,0,0,0,0,0,0,0,0,0,0,0,0,0,0,0,2,0,0,0,0,1,0,0,0,0,0,1,0,0,0,0,4,0,2,0,0,0,0,5,0,2,0,0,0,0,0,0,0,0,0,0,0,0,0,0,0,0,0,0,0,5,20,0,0,0,0,0,0,0,0,0,0,3,0,16,6,0,0,0,6,27,0,0,0,0,0,0,0,0,0,0,0,0,0,0,0,0,0,0,0,0,16,100,0.0
"Rajarhat, Kolkata, West Bengal",22.5655734,88.3702152,3,0,0,0,0,0,0,3,0,0,0,4,0,0,0,0,1,0,0,1,1,0,1,0,0,0,0,0,0,0,0,0,1,0,0,0,0,0,0,0,1,2,0,0,3,15,0,0,1,0,0,0,0,2,0,0,0,0,0,0,0,0,0,0,0,0,0,11,2,0,0,1,0,0,0,0,1,2,0,0,0,0,34,0,0,0,2,7,1,0,0,0,0,0,0,0,0,0,0,0,0,0,0,0,0,0,0,13,16,100,0.8125
"Rajkot City, Gujarat",22.3003793,70.8086015,0,0,0,0,0,0,0,1,0,0,0,0,0,0,0,0,0,0,0,0,1,0,8,0,0,0,0,0,0,0,0,0,0,0,0,0,0,0,0,0,0,0,0,0,0,0,0,0,0,0,0,0,0,0,0,0,0,0,0,0,0,0,0,0,0,0,0,0,1,0,0,0,0,0,0,0,0,0,0,0,0,1,0,0,0,0,0,88,0,0,0,0,0,0,0,0,0,0,0,0,0,0,0,0,0,0,0,14,16,100,0.875
"Saket, New Delhi",28.5257049,77.2143917,0,0,0,0,0,1,2,6,0,0,0,4,0,0,0,0,0,0,0,0,4,0,4,0,0,1,0,1,3,0,0,0,0,0,0,0,0,0,0,0,1,0,0,0,3,7,0,0,0,0,0,0,0,1,0,0,0,0,0,0,0,0,2,0,1,0,2,4,6,0,0,1,0,0,0,0,0,0,0,1,0,1,30,0,0,0,5,6,0,3,0,0,0,0,0,0,0,0,0,0,0,0,0,0,0,0,0,8,16,100,0.5
"Salt Lake, Kolkata, West Bengal",22.5580861,88.412438,0,0,0,0,0,0,0,0,0,0,0,2,0,0,0,0,0,0,0,0,0,0,5,0,0,0,0,5,0,0,0,0,0,0,0,0,0,0,2,0,1,0,0,0,0,2,0,0,0,0,0,0,0,0,0,0,0,0,0,0,0,0,0,0,0,1,0,1,2,1,0,0,0,0,1,0,0,0,0,1,0,8,18,0,0,0,1,48,0,0,0,0,0,0,0,0,0,0,0,0,0,0,0,0,1,0,0,5,16,100,0.3125
"Sambalpur City, Odisha",21.4594222,83.9743315,0,0,0,0,0,0,0,0,0,0,0,0,0,0,0,0,0,0,0,1,0,0,2,0,0,0,0,4,0,0,0,0,0,0,0,0,0,0,0,0,7,0,0,0,0,6,0,1,0,0,0,0,0,0,0,0,0,0,0,0,1,0,1,0,0,0,1,8,3,1,0,1,0,0,1,0,0,0,0,2,0,6,0,0,0,0,8,43,0,1,0,0,0,0,0,0,0,0,0,0,0,0,0,0,2,0,0,2,16,100,0.125
"Satellite, Ahmedabad, Gujarat",23.0251898,72.5246919,0,0,0,0,0,0,0,1,0,0,0,0,0,0,0,0,0,0,0,0,2,0,12,0,0,0,0,6,0,0,0,0,0,0,0,0,0,0,1,0,0,0,0,0,0,2,0,0,0,0,0,0,0,0,0,0,0,0,0,0,0,0,0,0,0,0,0,0,0,0,0,0,1,0,0,0,0,0,0,5,0,7,6,0,0,0,1,55,1,0,0,0,0,0,0,0,0,0,0,0,0,0,0,0,0,0,0,11,16,100,0.6875
"Sector 17, Chandigarh",30.7425426,76.7859351,0,0,0,0,0,0,0,3,0,0,0,1,0,0,0,0,1,0,0,0,0,0,22,0,0,0,0,0,0,0,0,0,0,0,0,0,0,0,0,0,5,0,0,0,1,3,0,0,0,0,0,0,0,0,0,0,0,0,0,0,1,0,1,0,0,0,0,0,1,0,0,0,0,0,1,0,0,0,0,2,0,0,5,0,0,0,1,50,1,0,0,0,0,1,0,0,0,0,0,0,0,0,0,0,0,0,0,11,16,100,0.6875
"Shillong City, Meghalaya",25.5762291,91.8828636,0,0,0,0,0,0,1,7,0,0,0,2,0,0,0,0,0,0,0,0,1,0,2,0,0,0,0,0,0,0,0,0,0,0,0,0,0,0,0,0,2,0,0,1,0,44,0,1,0,0,0,0,0,2,0,0,0,0,0,0,2,0,3,0,1,0,0,1,1,0,0,0,0,0,0,0,0,0,0,0,0,0,26,0,0,0,0,3,0,0,0,0,0,0,0,0,0,0,0,0,0,0,0,0,0,0,0,0,16,100,0.0
"Sholinganallur, Chennai, Tamil Nadu",12.9001173,80.2239691,0,0,0,0,0,0,2,2,0,0,0,5,0,0,0,0,0,0,0,1,0,0,7,0,0,1,0,1,0,0,0,0,0,1,0,0,0,0,0,0,1,0,0,0,1,7,0,0,1,0,0,0,0,1,0,0,0,0,0,0,0,0,0,0,0,0,0,1,4,0,0,0,0,0,0,0,0,0,0,1,0,3,18,0,0,0,0,42,0,0,0,0,0,0,0,0,0,0,0,0,0,0,0,0,0,0,0,3,16,100,0.1875
"Siliguri City, West Bengal",26.7096309,88.4286167,0,0,0,0,0,0,0,1,0,0,0,4,0,0,0,0,0,0,1,0,0,0,3,0,0,0,0,0,0,0,0,0,0,0,0,0,0,0,0,0,4,0,0,0,0,0,0,0,0,0,0,0,0,0,0,0,0,0,0,0,0,0,0,0,1,0,0,0,4,0,0,1,0,0,1,0,0,0,0,2,0,0,3,0,0,0,1,73,0,0,0,0,1,0,0,0,0,0,0,0,0,0,0,0,0,0,0,11,16,100,0.6875
"Sohna Road, Gurgaon, Haryana",28.4198873,77.1533811,0,0,0,0,0,0,2,1,0,0,0,3,0,0,0,0,0,0,0,0,1,0,0,0,0,0,0,1,2,0,0,0,0,0,0,0,0,0,0,0,1,0,0,0,1,0,0,0,2,0,0,0,0,0,0,0,0,0,0,0,0,0,0,0,0,0,2,2,10,0,0,0,0,0,0,0,0,0,0,0,0,0,2,0,0,0,1,7,0,2,0,0,0,0,0,0,0,0,0,0,0,0,0,0,0,0,0,6,16,40,0.375
"South Extension, New Delhi",28.5694154,77.2209031,0,0,0,0,0,0,0,3,0,0,0,0,0,0,0,0,0,0,0,0,0,0,3,0,0,0,0,0,0,0,0,0,0,0,0,0,0,0,0,0,0,0,0,0,0,1,0,0,0,0,0,0,0,1,0,0,0,0,2,0,0,0,0,0,0,0,0,0,0,0,0,0,0,0,0,0,0,0,0,0,0,0,7,0,0,0,8,75,0,0,0,0,0,0,0,0,0,0,0,0,0,0,0,0,0,0,0,7,16,100,0.4375
"Station Road, Surat, Gujarat",21.1984585,72.8351411,0,0,0,0,0,0,0,1,0,0,0,0,0,0,0,0,0,0,0,0,0,0,0,0,0,2,0,2,0,0,0,0,0,0,0,0,0,0,0,0,0,0,0,0,2,4,0,0,0,0,0,0,0,0,0,0,0,0,0,0,0,0,0,0,0,0,0,3,5,0,0,0,0,0,0,0,0,0,0,0,0,16,1,0,0,0,0,64,0,0,0,0,0,0,0,0,0,0,0,0,0,0,0,0,0,0,0,13,16,100,0.8125
"Swargate, Pune, Maharashtra",18.4990216,73.8590652,0,0,0,0,0,0,0,2,0,0,0,3,0,0,0,0,0,0,0,0,2,0,15,0,0,0,0,1,0,0,0,0,0,1,0,0,0,0,2,0,4,0,0,0,1,2,0,0,0,0,0,0,0,0,0,0,0,0,0,0,0,0,1,0,0,0,0,2,1,1,0,0,0,0,4,0,0,0,0,10,0,2,27,0,0,0,3,16,0,0,0,0,0,0,0,0,0,0,0,0,0,0,0,0,0,0,0,13,16,100,0.8125
"T Nagar, Chennai, Tamil Nadu",12.9605278,80.2083254,0,0,0,0,0,0,3,1,0,0,0,0,0,0,0,0,0,0,0,0,0,0,3,0,0,1,0,1,0,0,0,0,0,0,0,0,0,0,0,0,3,0,0,0,2,1,0,0,0,1,0,0,0,1,0,0,0,0,0,0,0,0,0,0,0,0,0,1,2,0,0,0,0,0,0,0,0,0,0,4,0,29,4,0,0,0,10,30,0,3,0,0,0,0,0,0,0,0,0,0,0,0,0,0,0,0,0,4,16,100,0.25
"Thane West, Thane, Maharashtra",19.276338,72.9590781,0,0,0,0,0,0,2,1,0,0,0,0,0,0,0,0,0,0,0,0,0,0,16,0,0,1,0,0,0,0,0,0,0,0,0,0,0,0,0,0,0,0,0,0,2,4,0,0,0,0,0,0,0,0,0,0,0,0,0,0,3,0,0,0,0,0,1,1,5,0,0,0,0,0,0,0,0,0,0,10,0,1,12,0,0,0,2,39,0,0,0,0,0,0,0,0,0,0,0,0,0,0,0,0,0,0,0,16,16,100,1.0
"Thiruvananthapuram City, Kerala",8.4946496,76.9449992,0,0,0,0,0,0,0,0,0,0,0,0,0,0,0,0,0,0,0,1,3,0,18,0,0,1,0,0,0,0,0,1,0,1,0,0,0,0,1,0,6,0,0,0,0,3,0,0,0,0,0,0,0,0,0,0,0,0,0,0,0,0,0,0,0,0,0,3,1,0,0,0,0,0,0,0,0,0,0,2,0,39,2,0,0,0,4,14,0,0,0,0,0,0,0,0,0,0,0,0,0,0,0,0,0,0,0,14,16,100,0.875
"Thoraipakkam, Chennai, Tamil Nadu",12.9192758,80.208965,0,0,0,0,0,1,0,1,0,0,0,0,0,0,0,0,0,0,0,0,0,0,5,0,0,1,0,2,0,0,0,0,0,0,0,0,0,0,0,0,1,0,0,0,0,1,0,0,0,0,0,0,0,0,0,0,0,0,0,0,0,0,0,0,0,0,0,3,6,0,0,0,0,0,1,0,0,0,0,7,0,8,12,0,0,0,4,45,0,2,0,0,0,0,0,0,0,0,0,0,0,0,0,0,0,0,0,1,16,100,0.0625
"Thrissur City, Kerala",10.5239038,76.2122541,0,0,0,0,0,0,0,4,0,0,0,2,0,0,0,0,0,0,0,2,4,0,8,0,0,0,0,1,0,0,0,0,0,0,0,0,0,0,0,0,1,0,0,0,0,2,0,1,1,0,0,0,0,0,0,0,0,0,0,0,0,0,0,0,0,0,0,0,0,0,0,0,0,0,0,0,0,0,0,0,0,5,9,0,0,0,3,56,1,0,0,0,0,0,0,0,0,0,0,0,0,0,0,0,0,0,0,12,16,100,0.75
"Tiruchirappalli, Tamil Nadu",10.8008235,78.6899185,0,0,0,0,0,0,1,0,0,0,0,1,0,0,0,0,0,0,0,1,3,0,1,0,0,0,0,1,0,0,0,0,0,0,0,0,0,0,0,0,1,0,0,0,0,0,0,0,0,0,0,0,0,1,0,0,0,0,0,0,0,0,0,0,0,0,2,0,2,0,0,3,0,0,2,0,0,0,0,15,0,0,4,0,0,0,2,59,0,1,0,0,0,0,0,0,0,0,0,0,0,0,0,0,0,0,0,4,16,100,0.25
"Tirupati, Andhra Pradesh",13.6287278,79.4190701,0,0,0,0,0,0,0,1,0,0,0,0,0,0,0,0,0,0,0,0,0,0,4,0,0,1,0,0,0,0,0,0,0,0,0,0,0,0,1,0,0,0,0,1,0,25,0,0,0,0,0,0,0,0,0,0,0,0,0,0,0,0,0,0,0,0,0,7,2,0,0,0,0,0,1,0,0,0,0,0,0,0,9,0,0,0,0,48,0,0,0,0,0,0,0,0,0,0,0,0,0,0,0,0,0,0,0,7,16,100,0.4375
"Udaipur City, Rajasthan",24.5873872,73.6915427,0,0,0,0,0,0,1,1,0,0,0,0,0,0,0,0,0,0,0,0,0,0,3,0,0,1,0,4,0,0,0,0,0,0,0,0,0,0,0,0,1,0,0,0,2,2,0,0,0,0,0,0,0,0,0,0,0,0,0,0,0,0,1,0,1,0,0,6,4,1,0,0,0,0,0,0,0,0,0,7,0,0,0,0,0,0,0,65,0,0,0,0,0,0,0,0,0,0,0,0,0,0,0,0,0,0,0,11,16,100,0.6875
"Udyog Vihar, Gurgaon, Haryana",28.5048124,77.0695199,0,0,0,0,0,0,0,0,0,0,0,2,0,0,0,0,0,0,0,1,2,0,26,0,0,0,0,0,0,0,0,0,1,0,0,0,0,0,1,0,0,0,0,2,0,4,0,0,0,0,0,0,0,0,0,0,0,0,0,0,0,0,0,0,0,0,0,2,4,0,0,0,0,0,0,0,0,0,0,12,0,2,18,0,0,0,0,23,0,0,0,0,0,0,0,0,0,0,0,0,0,0,0,0,0,0,0,13,16,100,0.8125
"Ulhasnagar, Thane, Maharashtra",19.2228117,73.1584637,0,0,0,0,0,0,0,0,0,0,0,0,0,0,0,0,0,0,0,0,2,0,6,0,0,0,0,2,0,0,0,0,0,0,0,0,0,0,1,0,1,0,0,0,0,0,0,0,1,0,0,0,0,0,0,0,0,0,0,0,0,0,0,0,0,0,0,1,15,0,0,0,0,0,1,0,0,0,0,0,0,33,1,0,0,0,5,31,0,0,0,0,0,0,0,0,0,0,0,0,0,0,0,0,0,0,0,6,16,100,0.375
"Vaishali Nagar, Jaipur, Rajasthan",26.9060132,75.7407346,0,0,0,0,0,0,1,2,0,0,0,0,0,0,0,0,0,0,0,0,0,0,19,0,0,0,0,0,0,0,0,0,0,0,0,0,0,0,1,0,0,0,0,0,0,5,0,0,0,0,0,0,0,0,0,0,0,0,0,0,0,0,0,0,0,0,0,0,0,0,0,0,0,0,0,0,0,0,0,3,0,0,20,0,0,0,0,47,0,2,0,0,0,0,0,0,0,0,0,0,0,0,0,0,0,0,0,8,16,100,0.5
"Varanasi City, Uttar Pradesh",25.3096924,83.0056763,0,0,0,0,0,0,0,1,0,0,0,1,0,0,0,0,0,0,0,0,1,0,2,0,0,0,0,7,0,0,0,0,0,0,0,0,0,0,1,0,2,0,0,0,1,6,0,0,0,0,0,0,0,0,0,0,0,0,0,0,0,0,0,0,0,0,1,6,2,0,0,0,0,0,1,0,0,0,0,1,0,0,5,0,0,0,2,59,1,0,0,0,0,0,0,0,0,0,0,0,0,0,0,0,0,0,0,12,16,100,0.75
"Vashi, Navi Mumbai, Maharashtra",19.0761766,73.0020679,0,0,0,0,0,0,1,1,0,0,0,3,0,0,0,0,0,0,0,2,0,0,11,0,0,1,0,5,0,0,0,0,0,0,0,0,0,0,1,0,1,0,0,1,0,8,0,0,0,0,1,0,0,0,0,0,0,0,0,0,4,0,0,0,0,1,1,3,0,0,0,0,0,0,0,0,0,0,0,2,0,30,13,0,0,0,3,7,0,0,0,0,0,0,0,0,0,0,0,0,0,0,0,0,0,0,0,3,16,100,0.1875
"Vastrapur, Ahmedabad, Gujarat",23.0350831,72.5276438,0,0,0,0,0,0,0,0,0,0,0,4,0,0,0,0,0,0,0,0,3,0,7,0,0,0,0,1,0,0,0,0,1,0,0,0,0,0,1,0,0,0,0,0,2,0,0,0,0,0,0,0,0,0,0,0,0,0,0,0,0,0,0,0,0,1,0,0,3,0,0,0,0,0,0,0,0,0,0,5,0,8,14,0,0,0,2,48,0,0,0,0,0,0,0,0,0,0,0,0,0,0,0,0,0,0,0,8,16,100,0.5
"Vijay Nagar, Indore, Madhya Pradesh",22.7630269,75.8804978,0,0,0,0,0,0,3,1,0,0,0,6,0,0,0,0,0,0,0,0,4,0,2,0,0,0,0,4,1,0,0,0,0,0,0,0,0,0,1,0,2,0,0,0,0,16,0,0,0,0,0,0,0,0,0,0,0,0,0,0,0,0,0,0,0,1,0,4,3,0,0,0,0,0,0,0,0,0,0,1,0,8,13,0,0,0,1,28,0,1,0,0,0,0,0,0,0,0,0,0,0,0,0,0,0,0,0,2,16,100,0.125
"Vijayawada City, Andhra Pradesh",16.5003355,80.6447439,0,0,0,0,0,0,2,3,0,0,0,1,0,0,0,0,0,0,0,3,6,0,7,0,0,0,0,0,0,0,0,0,2,0,0,0,0,0,0,0,2,0,0,0,1,7,0,0,0,0,0,0,0,0,0,0,0,0,0,0,0,0,0,0,1,0,0,0,2,0,0,0,0,0,1,0,0,0,0,1,0,3,10,0,0,0,9,27,10,2,0,0,0,0,0,0,0,0,0,0,0,0,0,0,0,0,0,9,16,100,0.5625
"Viman Nagar, Pune, Maharashtra",18.5411985,73.8024415,0,0,0,0,0,0,0,2,0,0,0,2,0,0,0,0,0,0,0,0,0,0,4,0,0,0,0,1,0,0,0,0,0,0,0,1,0,0,0,0,3,0,0,0,0,1,0,0,1,0,0,0,0,1,0,0,0,0,0,0,0,0,0,0,0,1,0,0,2,0,0,0,0,0,1,0,0,0,0,0,0,45,5,0,0,0,5,18,0,2,0,0,0,0,0,0,0,0,0,0,0,0,0,0,5,0,0,2,16,100,0.125
"Visakhapatnam City, Andhra Pradesh",17.710186,83.1769123,0,0,0,0,0,0,0,1,0,0,0,3,0,0,0,0,0,0,0,1,0,0,0,0,0,0,0,0,0,0,0,0,0,0,0,0,0,0,0,0,1,0,0,0,0,4,0,0,1,0,0,0,0,1,0,0,0,0,0,0,0,0,0,0,0,0,0,0,8,0,0,0,0,0,1,0,0,0,0,0,0,6,3,0,0,0,3,6,0,3,0,0,0,0,0,0,0,0,0,0,0,0,0,0,0,0,0,12,16,42,0.75
"Wakad, Pune, Maharashtra",18.5963419,73.7718897,0,0,0,0,0,0,0,1,0,0,0,2,0,0,0,0,0,0,0,0,3,0,1,0,0,2,0,11,0,0,0,1,0,0,0,0,0,0,0,0,0,0,0,0,0,0,0,0,0,0,0,0,0,1,0,0,0,0,0,0,0,0,0,0,0,0,0,3,0,0,0,0,0,0,0,0,0,0,0,1,0,18,15,0,0,0,4,37,0,0,0,0,0,0,0,0,0,0,0,0,0,0,0,0,0,0,0,5,16,100,0.3125
"Warangal City, Telangana",17.9745069,79.6113623,0,0,0,0,0,0,0,0,0,0,0,0,0,0,0,0,0,0,0,0,0,0,8,0,0,0,0,1,0,0,0,0,0,0,0,0,0,0,0,0,1,0,0,0,0,2,0,0,1,0,0,0,0,0,0,0,0,0,0,0,0,1,0,0,0,1,0,0,11,0,0,1,0,0,0,0,0,0,0,10,0,1,0,0,0,0,2,60,0,0,0,0,0,0,0,0,0,0,0,0,0,0,0,0,0,0,0,11,16,100,0.6875
"Whitefield, Bangalore, Karnataka",12.9943542,77.7585209,0,0,0,0,0,0,1,3,0,0,0,0,0,0,0,0,0,0,0,0,1,0,5,0,0,2,0,1,0,0,0,0,0,0,0,0,0,0,1,0,1,1,0,0,2,10,0,0,1,0,0,0,0,0,0,0,0,0,0,0,0,0,1,0,0,1,0,1,4,2,0,0,0,0,0,0,2,0,0,4,0,4,10,0,0,0,2,39,0,0,0,0,0,0,0,0,0,0,0,0,0,1,0,0,0,0,0,15,16,100,0.9375
"Worli, Mumbai, Maharashtra",19.001465,72.8160656,0,0,0,0,0,0,0,4,0,0,0,2,0,0,0,0,0,0,0,0,0,0,3,0,0,2,0,5,0,0,0,0,0,0,0,0,0,0,3,0,2,1,0,0,3,1,0,2,1,2,0,0,0,0,0,0,0,0,2,0,1,0,0,0,0,0,1,2,4,0,0,1,0,0,1,0,0,0,0,1,0,12,21,0,0,0,0,22,0,1,0,0,0,0,0,0,0,0,0,0,0,0,0,0,0,0,0,12,16,100,0.75
